"Type";"FolderPath";"Principal"
"DEPT";"Departement\Communication";"ECOTECHSOLUTION\GrpCommunication"
"DEPT";"Departement\Développement";"ECOTECHSOLUTION\GrpDeveloppement"
"DEPT";"Departement\Direction";"ECOTECHSOLUTION\GrpDirection"
"DEPT";"Departement\Direction des Ressources Humaines";"ECOTECHSOLUTION\GrpDirectionDesRessourcesHumaines"
"DEPT";"Departement\DSI";"ECOTECHSOLUTION\GrpDsi"
"DEPT";"Departement\Finance et Comptabilité";"ECOTECHSOLUTION\GrpFinanceEtComptabilite"
"DEPT";"Departement\Service Commercial";"ECOTECHSOLUTION\GrpServiceCommercial"
"SVC";"Services\Communication\Relation Médias";"ECOTECHSOLUTION\GrpRelationMedias"
"SVC";"Services\Communication\Communication externe";"ECOTECHSOLUTION\GrpCommunicationExterne"
"SVC";"Services\Communication\Événementiel";"ECOTECHSOLUTION\GrpEvenementiel"
"SVC";"Services\Communication\Communication interne";"ECOTECHSOLUTION\GrpCommunicationInterne"
"SVC";"Services\Communication\Gestion des réseaux sociaux";"ECOTECHSOLUTION\GrpGestionDesReseauxSociaux"
"SVC";"Services\Développement\Développement fronted";"ECOTECHSOLUTION\GrpDeveloppementFronted"
"SVC";"Services\Développement\Développement backend";"ECOTECHSOLUTION\GrpDeveloppementBackend"
"SVC";"Services\Développement\Développement mobile";"ECOTECHSOLUTION\GrpDeveloppementMobile"
"SVC";"Services\Développement\Analyse et conception";"ECOTECHSOLUTION\GrpAnalyseEtConception"
"SVC";"Services\Développement\Recherche et Prototype";"ECOTECHSOLUTION\GrpRechercheEtPrototype"
"SVC";"Services\Direction des Ressources Humaines\Formation";"ECOTECHSOLUTION\GrpFormation"
"SVC";"Services\Direction des Ressources Humaines\Recrutement";"ECOTECHSOLUTION\GrpRecrutement"
"SVC";"Services\Direction des Ressources Humaines\Administration du personnel";"ECOTECHSOLUTION\GrpAdministrationDuPersonnel"
"SVC";"Services\Direction des Ressources Humaines\Gestion des carrières";"ECOTECHSOLUTION\GrpGestionDesCarrieres"
"SVC";"Services\DSI\Exploitation";"ECOTECHSOLUTION\GrpExploitation"
"SVC";"Services\Finance et Comptabilité\Finance";"ECOTECHSOLUTION\GrpFinance"
"SVC";"Services\Finance et Comptabilité\Fiscalité";"ECOTECHSOLUTION\GrpFiscalite"
"SVC";"Services\Finance et Comptabilité\Service Comptabilité";"ECOTECHSOLUTION\GrpServiceComptabilite"
"SVC";"Services\Service Commercial\Gestion des comptes";"ECOTECHSOLUTION\GrpGestionDesComptes"
"SVC";"Services\Service Commercial\B2B";"ECOTECHSOLUTION\GrpB2b"
"SVC";"Services\Service Commercial\ADV";"ECOTECHSOLUTION\GrpAdv"
"SVC";"Services\Service Commercial\Prospection";"ECOTECHSOLUTION\GrpProspection"
"SVC";"Services\Service Commercial\Service Client";"ECOTECHSOLUTION\GrpServiceClient"
"SVC";"Services\Service Commercial\Service achat";"ECOTECHSOLUTION\GrpServiceAchat"
"USER";"Utilisateurs\aalkhalil";"ECOTECHSOLUTION\aalkhalil"
"USER";"Utilisateurs\zandersen";"ECOTECHSOLUTION\zandersen"
"USER";"Utilisateurs\hazzouz";"ECOTECHSOLUTION\hazzouz"
"USER";"Utilisateurs\ybensalah";"ECOTECHSOLUTION\ybensalah"
"USER";"Utilisateurs\tbenyoussef";"ECOTECHSOLUTION\tbenyoussef"
"USER";"Utilisateurs\ibenzema";"ECOTECHSOLUTION\ibenzema"
"USER";"Utilisateurs\tboucenna";"ECOTECHSOLUTION\tboucenna"
"USER";"Utilisateurs\aboussaid";"ECOTECHSOLUTION\aboussaid"
"USER";"Utilisateurs\ychettouh";"ECOTECHSOLUTION\ychettouh"
"USER";"Utilisateurs\ecosta";"ECOTECHSOLUTION\ecosta"
"USER";"Utilisateurs\ldasilva";"ECOTECHSOLUTION\ldasilva"
"USER";"Utilisateurs\ndobrev";"ECOTECHSOLUTION\ndobrev"
"USER";"Utilisateurs\cdupont";"ECOTECHSOLUTION\cdupont"
"USER";"Utilisateurs\belmahdi";"ECOTECHSOLUTION\belmahdi"
"USER";"Utilisateurs\rfarouk";"ECOTECHSOLUTION\rfarouk"
"USER";"Utilisateurs\ifontaine";"ECOTECHSOLUTION\ifontaine"
"USER";"Utilisateurs\bgarcia";"ECOTECHSOLUTION\bgarcia"
"USER";"Utilisateurs\agomez";"ECOTECHSOLUTION\agomez"
"USER";"Utilisateurs\rhamrouni";"ECOTECHSOLUTION\rhamrouni"
"USER";"Utilisateurs\shernandez";"ECOTECHSOLUTION\shernandez"
"USER";"Utilisateurs\wibrahimovic";"ECOTECHSOLUTION\wibrahimovic"
"USER";"Utilisateurs\gkobayashi";"ECOTECHSOLUTION\gkobayashi"
"USER";"Utilisateurs\nkowalski";"ECOTECHSOLUTION\nkowalski"
"USER";"Utilisateurs\fkowalski";"ECOTECHSOLUTION\fkowalski"
"USER";"Utilisateurs\fnguyen";"ECOTECHSOLUTION\fnguyen"
"USER";"Utilisateurs\loliveira";"ECOTECHSOLUTION\loliveira"
"USER";"Utilisateurs\erahimi";"ECOTECHSOLUTION\erahimi"
"USER";"Utilisateurs\nrahmani";"ECOTECHSOLUTION\nrahmani"
"USER";"Utilisateurs\lromano";"ECOTECHSOLUTION\lromano"
"USER";"Utilisateurs\orossi";"ECOTECHSOLUTION\orossi"
"USER";"Utilisateurs\isaidi";"ECOTECHSOLUTION\isaidi"
"USER";"Utilisateurs\tschneider";"ECOTECHSOLUTION\tschneider"
"USER";"Utilisateurs\oschneider";"ECOTECHSOLUTION\oschneider"
"USER";"Utilisateurs\rsousa";"ECOTECHSOLUTION\rsousa"
"USER";"Utilisateurs\pweber";"ECOTECHSOLUTION\pweber"
"USER";"Utilisateurs\mzhou";"ECOTECHSOLUTION\mzhou"
"USER";"Utilisateurs\dabdeslam";"ECOTECHSOLUTION\dabdeslam"
"USER";"Utilisateurs\sabe";"ECOTECHSOLUTION\sabe"
"USER";"Utilisateurs\aali";"ECOTECHSOLUTION\aali"
"USER";"Utilisateurs\aamrane";"ECOTECHSOLUTION\aamrane"
"USER";"Utilisateurs\samrani";"ECOTECHSOLUTION\samrani"
"USER";"Utilisateurs\bamrani";"ECOTECHSOLUTION\bamrani"
"USER";"Utilisateurs\kandersson";"ECOTECHSOLUTION\kandersson"
"USER";"Utilisateurs\lbakir";"ECOTECHSOLUTION\lbakir"
"USER";"Utilisateurs\kbakir";"ECOTECHSOLUTION\kbakir"
"USER";"Utilisateurs\ybelmokhtar";"ECOTECHSOLUTION\ybelmokhtar"
"USER";"Utilisateurs\rbenamar";"ECOTECHSOLUTION\rbenamar"
"USER";"Utilisateurs\tbensaid";"ECOTECHSOLUTION\tbensaid"
"USER";"Utilisateurs\cbenguigui";"ECOTECHSOLUTION\cbenguigui"
"USER";"Utilisateurs\mbenitez";"ECOTECHSOLUTION\mbenitez"
"USER";"Utilisateurs\tberisha";"ECOTECHSOLUTION\tberisha"
"USER";"Utilisateurs\ybianchi";"ECOTECHSOLUTION\ybianchi"
"USER";"Utilisateurs\mboukhris";"ECOTECHSOLUTION\mboukhris"
"USER";"Utilisateurs\lbouziane";"ECOTECHSOLUTION\lbouziane"
"USER";"Utilisateurs\acarvalho";"ECOTECHSOLUTION\acarvalho"
"USER";"Utilisateurs\ocorreia";"ECOTECHSOLUTION\ocorreia"
"USER";"Utilisateurs\mdahl";"ECOTECHSOLUTION\mdahl"
"USER";"Utilisateurs\zdahl";"ECOTECHSOLUTION\zdahl"
"USER";"Utilisateurs\cdelacruz";"ECOTECHSOLUTION\cdelacruz"
"USER";"Utilisateurs\fdias";"ECOTECHSOLUTION\fdias"
"USER";"Utilisateurs\hdimitrov";"ECOTECHSOLUTION\hdimitrov"
"USER";"Utilisateurs\melghazali";"ECOTECHSOLUTION\melghazali"
"USER";"Utilisateurs\lelghazali";"ECOTECHSOLUTION\lelghazali"
"USER";"Utilisateurs\afarid";"ECOTECHSOLUTION\afarid"
"USER";"Utilisateurs\wfernandez";"ECOTECHSOLUTION\wfernandez"
"USER";"Utilisateurs\mferreira";"ECOTECHSOLUTION\mferreira"
"USER";"Utilisateurs\cfischer";"ECOTECHSOLUTION\cfischer"
"USER";"Utilisateurs\nfuentes";"ECOTECHSOLUTION\nfuentes"
"USER";"Utilisateurs\agarcia";"ECOTECHSOLUTION\agarcia"
"USER";"Utilisateurs\zgomez";"ECOTECHSOLUTION\zgomez"
"USER";"Utilisateurs\fgonzalez";"ECOTECHSOLUTION\fgonzalez"
"USER";"Utilisateurs\zgonzalez";"ECOTECHSOLUTION\zgonzalez"
"USER";"Utilisateurs\bguedj";"ECOTECHSOLUTION\bguedj"
"USER";"Utilisateurs\yhabib";"ECOTECHSOLUTION\yhabib"
"USER";"Utilisateurs\ehabibi";"ECOTECHSOLUTION\ehabibi"
"USER";"Utilisateurs\ahabibi";"ECOTECHSOLUTION\ahabibi"
"USER";"Utilisateurs\ahabibi1";"ECOTECHSOLUTION\ahabibi1"
"USER";"Utilisateurs\shamadi";"ECOTECHSOLUTION\shamadi"
"USER";"Utilisateurs\khamzaoui";"ECOTECHSOLUTION\khamzaoui"
"USER";"Utilisateurs\bhassan";"ECOTECHSOLUTION\bhassan"
"USER";"Utilisateurs\phoang";"ECOTECHSOLUTION\phoang"
"USER";"Utilisateurs\aishikawa";"ECOTECHSOLUTION\aishikawa"
"USER";"Utilisateurs\civanov";"ECOTECHSOLUTION\civanov"
"USER";"Utilisateurs\nivanov";"ECOTECHSOLUTION\nivanov"
"USER";"Utilisateurs\lkaram";"ECOTECHSOLUTION\lkaram"
"USER";"Utilisateurs\lklein";"ECOTECHSOLUTION\lklein"
"USER";"Utilisateurs\rkowalski";"ECOTECHSOLUTION\rkowalski"
"USER";"Utilisateurs\glam";"ECOTECHSOLUTION\glam"
"USER";"Utilisateurs\mlarsen";"ECOTECHSOLUTION\mlarsen"
"USER";"Utilisateurs\nlarsen";"ECOTECHSOLUTION\nlarsen"
"USER";"Utilisateurs\elemoine";"ECOTECHSOLUTION\elemoine"
"USER";"Utilisateurs\mlopez";"ECOTECHSOLUTION\mlopez"
"USER";"Utilisateurs\nmarquez";"ECOTECHSOLUTION\nmarquez"
"USER";"Utilisateurs\lmatsuda";"ECOTECHSOLUTION\lmatsuda"
"USER";"Utilisateurs\mmatsuda";"ECOTECHSOLUTION\mmatsuda"
"USER";"Utilisateurs\nmatsuda";"ECOTECHSOLUTION\nmatsuda"
"USER";"Utilisateurs\nmatsuda1";"ECOTECHSOLUTION\nmatsuda1"
"USER";"Utilisateurs\amendoza";"ECOTECHSOLUTION\amendoza"
"USER";"Utilisateurs\kmendoza";"ECOTECHSOLUTION\kmendoza"
"USER";"Utilisateurs\hmeunier";"ECOTECHSOLUTION\hmeunier"
"USER";"Utilisateurs\smohamed";"ECOTECHSOLUTION\smohamed"
"USER";"Utilisateurs\amorel";"ECOTECHSOLUTION\amorel"
"USER";"Utilisateurs\rmoreno";"ECOTECHSOLUTION\rmoreno"
"USER";"Utilisateurs\hmuller";"ECOTECHSOLUTION\hmuller"
"USER";"Utilisateurs\mmuller";"ECOTECHSOLUTION\mmuller"
"USER";"Utilisateurs\lnakamura";"ECOTECHSOLUTION\lnakamura"
"USER";"Utilisateurs\wndiaye";"ECOTECHSOLUTION\wndiaye"
"USER";"Utilisateurs\mnguyen";"ECOTECHSOLUTION\mnguyen"
"USER";"Utilisateurs\mnovak";"ECOTECHSOLUTION\mnovak"
"USER";"Utilisateurs\lobrien";"ECOTECHSOLUTION\lobrien"
"USER";"Utilisateurs\roconnor";"ECOTECHSOLUTION\roconnor"
"USER";"Utilisateurs\oochoa";"ECOTECHSOLUTION\oochoa"
"USER";"Utilisateurs\aozturk";"ECOTECHSOLUTION\aozturk"
"USER";"Utilisateurs\apapadopoulos";"ECOTECHSOLUTION\apapadopoulos"
"USER";"Utilisateurs\tpatel";"ECOTECHSOLUTION\tpatel"
"USER";"Utilisateurs\kpatel";"ECOTECHSOLUTION\kpatel"
"USER";"Utilisateurs\lpetrov";"ECOTECHSOLUTION\lpetrov"
"USER";"Utilisateurs\mpetrov";"ECOTECHSOLUTION\mpetrov"
"USER";"Utilisateurs\lprado";"ECOTECHSOLUTION\lprado"
"USER";"Utilisateurs\arahman";"ECOTECHSOLUTION\arahman"
"USER";"Utilisateurs\krahman";"ECOTECHSOLUTION\krahman"
"USER";"Utilisateurs\irahmani";"ECOTECHSOLUTION\irahmani"
"USER";"Utilisateurs\nrajavi";"ECOTECHSOLUTION\nrajavi"
"USER";"Utilisateurs\srajavi";"ECOTECHSOLUTION\srajavi"
"USER";"Utilisateurs\crodriguez";"ECOTECHSOLUTION\crodriguez"
"USER";"Utilisateurs\tromano";"ECOTECHSOLUTION\tromano"
"USER";"Utilisateurs\fsato";"ECOTECHSOLUTION\fsato"
"USER";"Utilisateurs\fschmitt";"ECOTECHSOLUTION\fschmitt"
"USER";"Utilisateurs\isingh";"ECOTECHSOLUTION\isingh"
"USER";"Utilisateurs\zslimani";"ECOTECHSOLUTION\zslimani"
"USER";"Utilisateurs\nsvensson";"ECOTECHSOLUTION\nsvensson"
"USER";"Utilisateurs\atorres";"ECOTECHSOLUTION\atorres"
"USER";"Utilisateurs\mtouati";"ECOTECHSOLUTION\mtouati"
"USER";"Utilisateurs\otouati";"ECOTECHSOLUTION\otouati"
"USER";"Utilisateurs\atraore";"ECOTECHSOLUTION\atraore"
"USER";"Utilisateurs\yvega";"ECOTECHSOLUTION\yvega"
"USER";"Utilisateurs\lvelasquez";"ECOTECHSOLUTION\lvelasquez"
"USER";"Utilisateurs\yvelasquez";"ECOTECHSOLUTION\yvelasquez"
"USER";"Utilisateurs\twang";"ECOTECHSOLUTION\twang"
"USER";"Utilisateurs\kyamamoto";"ECOTECHSOLUTION\kyamamoto"
"USER";"Utilisateurs\oyamamoto";"ECOTECHSOLUTION\oyamamoto"
"USER";"Utilisateurs\tyamashita";"ECOTECHSOLUTION\tyamashita"
"USER";"Utilisateurs\kzerouali";"ECOTECHSOLUTION\kzerouali"
"USER";"Utilisateurs\cziani";"ECOTECHSOLUTION\cziani"
"USER";"Utilisateurs\hziani";"ECOTECHSOLUTION\hziani"
"USER";"Utilisateurs\oziani";"ECOTECHSOLUTION\oziani"
"USER";"Utilisateurs\abakir";"ECOTECHSOLUTION\abakir"
"USER";"Utilisateurs\iishikawa";"ECOTECHSOLUTION\iishikawa"
"USER";"Utilisateurs\alevi";"ECOTECHSOLUTION\alevi"
"USER";"Utilisateurs\erizzo";"ECOTECHSOLUTION\erizzo"
"USER";"Utilisateurs\ltanaka";"ECOTECHSOLUTION\ltanaka"
"USER";"Utilisateurs\ctouati";"ECOTECHSOLUTION\ctouati"
"USER";"Utilisateurs\aabbassi";"ECOTECHSOLUTION\aabbassi"
"USER";"Utilisateurs\mbelhadj";"ECOTECHSOLUTION\mbelhadj"
"USER";"Utilisateurs\zbenyoussef";"ECOTECHSOLUTION\zbenyoussef"
"USER";"Utilisateurs\hbenali";"ECOTECHSOLUTION\hbenali"
"USER";"Utilisateurs\kbenzema";"ECOTECHSOLUTION\kbenzema"
"USER";"Utilisateurs\lbenzema";"ECOTECHSOLUTION\lbenzema"
"USER";"Utilisateurs\sbianchi";"ECOTECHSOLUTION\sbianchi"
"USER";"Utilisateurs\pdobrev";"ECOTECHSOLUTION\pdobrev"
"USER";"Utilisateurs\cdupuis";"ECOTECHSOLUTION\cdupuis"
"USER";"Utilisateurs\kfarouk";"ECOTECHSOLUTION\kfarouk"
"USER";"Utilisateurs\skimura";"ECOTECHSOLUTION\skimura"
"USER";"Utilisateurs\jliu";"ECOTECHSOLUTION\jliu"
"USER";"Utilisateurs\emorales";"ECOTECHSOLUTION\emorales"
"USER";"Utilisateurs\smoreno";"ECOTECHSOLUTION\smoreno"
"USER";"Utilisateurs\amoretti";"ECOTECHSOLUTION\amoretti"
"USER";"Utilisateurs\rnakamura";"ECOTECHSOLUTION\rnakamura"
"USER";"Utilisateurs\knovak";"ECOTECHSOLUTION\knovak"
"USER";"Utilisateurs\eozturk";"ECOTECHSOLUTION\eozturk"
"USER";"Utilisateurs\spopescu";"ECOTECHSOLUTION\spopescu"
"USER";"Utilisateurs\hrahman";"ECOTECHSOLUTION\hrahman"
"USER";"Utilisateurs\ksato";"ECOTECHSOLUTION\ksato"
"USER";"Utilisateurs\tsow";"ECOTECHSOLUTION\tsow"
"USER";"Utilisateurs\ntakeda";"ECOTECHSOLUTION\ntakeda"
"USER";"Utilisateurs\lzhou";"ECOTECHSOLUTION\lzhou"
"USER";"Utilisateurs\fbensalah";"ECOTECHSOLUTION\fbensalah"
"USER";"Utilisateurs\ykobayashi";"ECOTECHSOLUTION\ykobayashi"
"USER";"Utilisateurs\mleclerc";"ECOTECHSOLUTION\mleclerc"
"USER";"Utilisateurs\ilemoine";"ECOTECHSOLUTION\ilemoine"
"USER";"Utilisateurs\lmorel";"ECOTECHSOLUTION\lmorel"
"USER";"Utilisateurs\gpetrov";"ECOTECHSOLUTION\gpetrov"
"USER";"Utilisateurs\mrahmani";"ECOTECHSOLUTION\mrahmani"
"USER";"Utilisateurs\ytsai";"ECOTECHSOLUTION\ytsai"
"USER";"Utilisateurs\mzhang";"ECOTECHSOLUTION\mzhang"
"USER";"Utilisateurs\nabe";"ECOTECHSOLUTION\nabe"
"USER";"Utilisateurs\eandersen";"ECOTECHSOLUTION\eandersen"
"USER";"Utilisateurs\tcosta";"ECOTECHSOLUTION\tcosta"
"USER";"Utilisateurs\afischer";"ECOTECHSOLUTION\afischer"
"USER";"Utilisateurs\afischer1";"ECOTECHSOLUTION\afischer1"
"USER";"Utilisateurs\divanov";"ECOTECHSOLUTION\divanov"
"USER";"Utilisateurs\tkaram";"ECOTECHSOLUTION\tkaram"
"USER";"Utilisateurs\dkim";"ECOTECHSOLUTION\dkim"
"USER";"Utilisateurs\bmendoza";"ECOTECHSOLUTION\bmendoza"
"USER";"Utilisateurs\mmohamed";"ECOTECHSOLUTION\mmohamed"
"USER";"Utilisateurs\mpereira";"ECOTECHSOLUTION\mpereira"
"USER";"Utilisateurs\lrodriguez";"ECOTECHSOLUTION\lrodriguez"
"USER";"Utilisateurs\csato";"ECOTECHSOLUTION\csato"
"USER";"Utilisateurs\asilva";"ECOTECHSOLUTION\asilva"
"USER";"Utilisateurs\rvelasquez";"ECOTECHSOLUTION\rvelasquez"
"USER";"Utilisateurs\iyilmaz";"ECOTECHSOLUTION\iyilmaz"
"USER";"Utilisateurs\zaitsaid";"ECOTECHSOLUTION\zaitsaid"
"USER";"Utilisateurs\salkhalil";"ECOTECHSOLUTION\salkhalil"
"USER";"Utilisateurs\fbensalem";"ECOTECHSOLUTION\fbensalem"
"USER";"Utilisateurs\yberisha";"ECOTECHSOLUTION\yberisha"
"USER";"Utilisateurs\sboukhalfa";"ECOTECHSOLUTION\sboukhalfa"
"USER";"Utilisateurs\hcarvalho";"ECOTECHSOLUTION\hcarvalho"
"USER";"Utilisateurs\icherif";"ECOTECHSOLUTION\icherif"
"USER";"Utilisateurs\tdemir";"ECOTECHSOLUTION\tdemir"
"USER";"Utilisateurs\odimitrova";"ECOTECHSOLUTION\odimitrova"
"USER";"Utilisateurs\aekstrom";"ECOTECHSOLUTION\aekstrom"
"USER";"Utilisateurs\agomez1";"ECOTECHSOLUTION\agomez1"
"USER";"Utilisateurs\agonzalez";"ECOTECHSOLUTION\agonzalez"
"USER";"Utilisateurs\chamadi";"ECOTECHSOLUTION\chamadi"
"USER";"Utilisateurs\ghassania";"ECOTECHSOLUTION\ghassania"
"USER";"Utilisateurs\vhernandez";"ECOTECHSOLUTION\vhernandez"
"USER";"Utilisateurs\sjaziri";"ECOTECHSOLUTION\sjaziri"
"USER";"Utilisateurs\djohansson";"ECOTECHSOLUTION\djohansson"
"USER";"Utilisateurs\gkhan";"ECOTECHSOLUTION\gkhan"
"USER";"Utilisateurs\gklein";"ECOTECHSOLUTION\gklein"
"USER";"Utilisateurs\skumar";"ECOTECHSOLUTION\skumar"
"USER";"Utilisateurs\klevi";"ECOTECHSOLUTION\klevi"
"USER";"Utilisateurs\slombardi";"ECOTECHSOLUTION\slombardi"
"USER";"Utilisateurs\mmartinez";"ECOTECHSOLUTION\mmartinez"
"USER";"Utilisateurs\rmeier";"ECOTECHSOLUTION\rmeier"
"USER";"Utilisateurs\jmekki";"ECOTECHSOLUTION\jmekki"
"USER";"Utilisateurs\emorin";"ECOTECHSOLUTION\emorin"
"USER";"Utilisateurs\mnikolic";"ECOTECHSOLUTION\mnikolic"
"USER";"Utilisateurs\aochoa";"ECOTECHSOLUTION\aochoa"
"USER";"Utilisateurs\aorozco";"ECOTECHSOLUTION\aorozco"
"USER";"Utilisateurs\hpereira";"ECOTECHSOLUTION\hpereira"
"USER";"Utilisateurs\wqureshi";"ECOTECHSOLUTION\wqureshi"
"USER";"Utilisateurs\srahman";"ECOTECHSOLUTION\srahman"
"USER";"Utilisateurs\cramos";"ECOTECHSOLUTION\cramos"
"USER";"Utilisateurs\irashid";"ECOTECHSOLUTION\irashid"
"USER";"Utilisateurs\msantiago";"ECOTECHSOLUTION\msantiago"
"USER";"Utilisateurs\nschaefer";"ECOTECHSOLUTION\nschaefer"
"USER";"Utilisateurs\lsingh";"ECOTECHSOLUTION\lsingh"
"USER";"Utilisateurs\dstefanovic";"ECOTECHSOLUTION\dstefanovic"
"USER";"Utilisateurs\ntouil";"ECOTECHSOLUTION\ntouil"
"USER";"Utilisateurs\dvarela";"ECOTECHSOLUTION\dvarela"
"USER";"Utilisateurs\avega";"ECOTECHSOLUTION\avega"
"USER";"Utilisateurs\lwong";"ECOTECHSOLUTION\lwong"
